{"Soufli": [41.1943451, 26.2992566], "Karpenisi": [38.9149201, 21.7935895], "Kymi": [38.636131, 24.1027745], "Vasilika": [40.4800238, 23.1384703], "Karditsa": [39.3640258, 21.9214049], "Lagonissi": [37.778333, 23.888333], "Lygourio": [37.6123892, 23.0358834], "Markopoulo Mesogaias": [37.8833564, 23.9333037], "Kolymvari": [35.5374671, 23.7813889], "Makrychori": [39.8037641, 22.4914418], "Kalentzi": [37.949118, 21.7617196], "Aidipsos": [38.8808775, 23.0607675], "Potidaia": [40.1938829, 23.3300546], "Kranidi": [37.3805109, 23.1602123], "Iasmos": [41.12839659999999, 25.1850002], "Kozani": [40.3005808, 21.7898132], "Amyntaio": [40.6905178, 21.6797432], "Filippiada": [39.2076669, 20.8809509], "Thasos": [40.7766956, 24.7090705], "Chalkida City": [38.4645245, 23.6050695], "Ierapetra": [35.0118955, 25.7407452], "Kato Nevrokopi": [41.3422528, 23.8682585], "Karpathos and Kasos islands": [35.401053, 26.9263671], "Naoussa": [37.1235743, 25.238722], "Lavrio": [37.714177, 24.0576632], "Lemnos, Agios Efstratios": [39.5394875, 24.9886687], "Kalampaka": [39.706618, 21.6288728], "Arachova, Distomo": [38.4800003, 22.5843667], "Spercheiada, Makrakomi": [38.9075721, 22.1273254], "Kato Achaia": [38.143032, 21.5520979], "not used": [26.8857684, -99.27525610000001], "Olympia": [47.0378741, -122.9006951], "Lagkadas": [40.7512099, 23.0695911], "Alexandria": [38.8048355, -77.0469214], "Nikiti": [40.2201203, 23.6688433], "Sapes": [41.0243406, 25.6957932], "Pylos": [36.91307560000001, 21.6963472], "Akrata": [38.1535213, 22.3143775], "Florina": [38.4960187, -121.4088416], "Molaoi": [36.8042572, 22.855768], "Edessa": [40.8016803, 22.0439798], "Tripoli (and area)": [-12.1247253, -77.0371641], "Alexandroupolis": [40.8457193, 25.873962], "Thessaloniki[edit]": [40.6400629, 22.9444191], "Eleftheroupoli": [40.9156544, 24.2547455], "Almyros": [39.1823187, 22.7588102], "Heraklion (and area)": [35.3387352, 25.1442126], "Farsala": [39.295635, 22.384495], "Ptolemaida": [40.5129968, 21.6784663], "Nigrita": [40.9084768, 23.5004731], "Lechaina": [37.93795240000001, 21.2632559], "Mantoudi": [38.7991058, 23.4796423], "Amaliada": [37.7967917, 21.3507581], "Sparta": [43.9441328, -90.8129118], "Pyli": [39.45977999999999, 21.6225718], "Lamia": [38.8959734, 22.4349003], "Stavroupoli": [40.6662201, 22.9375969], "Agrinio": [38.6244719, 21.4095934], "Kilkis": [40.99370709999999, 22.8753674], "Folegandros, Ios, Santorini and Sikinos islands": [36.6759691, 25.1059054], "Agia Sotira": [40.202695, 21.18711], "Stymfalia": [37.8756618, 22.4529878], "Tyrnavos": [39.7391103, 22.2880325], "Orestiada": [41.5014015, 26.5310803], "Athamania": [39.5283703, 21.2515226], "Meligalas": [37.2245152, 21.9699152], "Skopelos": [39.1223106, 23.7281233], "Patras (and area)": [29.6524714, -95.1358224], "Kastri Kynourias": [38.1235231, 23.8308717], "Paranesti": [41.267032, 24.5008777], "Xanthi": [41.1300361, 24.8864902], "Lesbos, Agiasos Area": [39.0820946, 26.3724138], "Leonidio": [37.1672767, 22.8592838], "Krestena": [37.5923591, 21.6206833], "Koroni": [36.7960065, 21.9583765], "Samos": [37.7547857, 26.9777701], "Keramidi, suburban Volos": [39.3621896, 22.942159], "Echinos": [41.2753636, 24.9723172], "Kiato": [38.0126545, 22.750171], "Kastoria": [40.5192691, 21.2687171], "Arkalochori": [35.1479034, 25.2645052], "Domokos": [39.1288319, 22.2984478], "Drama": [41.149001, 24.1470796], "Lidoriki": [38.52742569999999, 22.2033742], "Chania": [35.5138298, 24.0180367], "Gargalianoi": [37.0654883, 21.6379278], "Kalymnos, Astypalaia": [36.5389811, 26.3131356], "Fyteies": [38.6952236, 21.1859173], "Serres": [41.090923, 23.5413198], "Lesbos, Kalloni Area": [39.2645095, 26.2777073], "Paramythia": [39.4632468, 20.5139853], "Sochos": [40.8181832, 23.3566418], "Stratoni": [40.5141742, 23.8254879], "Livadia": [38.4387082, 22.8753993], "Heraklia": [36.837425, 25.4552018], "Monemvasia": [36.6876016, 23.056032], "Rhodes, Rhodes City": [36.4349631, 28.2174829], "Moires": [35.0515319, 24.8730367], "Delvinaki": [39.9339652, 20.4654499], "Nea Zichni": [41.0323516, 23.8279441], "Kimolos and Milos": [36.7929382, 24.5747321], "Zitsa": [39.7546039, 20.6494822], "Ano Viannos": [35.0542103, 25.4099813], "Megara": [37.9943201, 23.3430496], "Kos and Nisyros islands": [36.59006189999999, 27.1676269], "Kea Island": [37.60758, 24.3103718], "Aigina": [37.7408815, 23.5014213], "Grevena": [40.0837626, 21.4273299], "Siatista": [40.2593571, 21.5498752], "Mykonos": [37.4467185, 25.3288623], "Kantanos": [35.3274474, 23.7415942], "Rafina": [38.0234457, 24.0059241], "Aliartos": [38.3741418, 23.1060007], "Amfikleia": [38.63905829999999, 22.5927946], "Andritsaina": [37.5104792, 21.8926303], "Amfilochia": [38.8632567, 21.1666182], "Ioannina": [39.66502880000001, 20.8537466], "Kissamos": [35.4945873, 23.6537459], "Messene": [37.175, 21.92], "Lefkimmi": [39.42308999999999, 20.0718612], "Elassona": [39.8949802, 22.1890872], "Amorgos and Naxos islands": [36.8400184, 25.8876641], "Corinth (and area)": [34.1038912, -87.3250238], "Argos": [37.6351721, 22.7288576], "Rethymno": [35.3643615, 24.4821552], "Paros and Sifnos islands": [36.96795729999999, 24.7024179], "Eretria": [38.419201, 23.8822686], "Argostoli (central and western Kefalonia)": [38.1753675, 20.5692179], "Levidi": [37.6820682, 22.2956396], "Prosotsani": [41.1791878, 23.971453], "Didymoteicho": [41.3476492, 26.4956372], "Chios, Kardamyla Area": [38.5288989, 26.0921367], "Chalandritsa": [38.1087967, 21.7838411], "Nafplio": [37.5673173, 22.8015531], "Trikala": [39.5557317, 21.7678951], "Xylokastro": [38.0772641, 22.6326975], "the island of Zakynthos": [37.7881604, 20.8988271], "Missolonghi": [38.3686739, 21.430415], "Ikaria, Fournoi island": [37.636107, 26.5078971], "Mouzaki": [39.4150441, 21.7376178], "Vonitsa": [38.9190379, 20.8889257], "Agios Nikolaos": [35.1899597, 25.7164166], "Nea Kallikrateia": [40.3131226, 23.0632227], "Agia Varvara": [37.9904219, 23.6583002], "Filiates": [39.6003316, 20.3077691], "Rodopoli": [38.1167583, 23.8760815], "Chios, Volissos Area : Psara island": [38.5815709, 25.5799503], "Zagora": [30.34589979999999, -5.8406587], "Neapoli": [40.8517746, 14.2681244], "Aegion/Aigion": [38.2505451, 22.0810942], "Veria (Verroia)": [40.5193618, 22.2052162], "Nea Kallisti": [41.03620069999999, 25.2125094], "Vytina": [37.670162, 22.1826654], "Larissa area": [28.1885765, -82.64599659999999], "Aliveri": [38.4092722, 24.0400763], "Katerini": [40.2805592, 22.5058399], "Aiginio": [40.4989376, 22.5415237], "Kala Nera": [39.3064901, 23.1190815], "Kyparissia": [37.2512312, 21.6694441], "Igoumenitsa": [39.5061499, 20.2655339], "Agathonisi, Leros, Leipsoi and Patmos islands": [37.3129763, 26.5468773], "Nea Peramos, Kavala": [40.8385582, 24.3031958], "Asprovalta": [40.71995039999999, 23.7069058], "Kalavryta": [38.033281, 22.1103462], "Pyrgos": [37.6718487, 21.4432257], "Aridaia": [40.9735305, 22.0610109], "Kythera": [36.25, 23], "Komotini": [41.1224394, 25.4065582], "Gythio": [36.7602193, 22.5655373], "Giannitsa": [40.7943587, 22.4144481], "Stylida": [38.9124852, 22.6161759], "Farkadona": [39.5931322, 22.0668864], "Litochoro": [40.1029473, 22.5026117], "Atalanta": [-27.4224135, -49.7793508], "Kalamata": [37.0422371, 22.1141264], "Sidirokastro": [37.3387498, 21.7719235], "Volos": [39.3621896, 22.942159], "Lesbos, Mytilini Area": [39.1067382, 26.5572747], "Skiathos": [39.1626627, 23.4909759], "Astros": [37.402745, 22.7234331], "Corfu (city)": [39.6249838, 19.9223461], "Servia": [44.016521, 21.005859], "Tropaia": [37.7322838, 21.9594427], "Lefkada": [38.8333663, 20.7069108], "rest of Corfu": [-33.4645636, -70.60329449999999], "Troezen, Poros isl., Hydra isl., Spetses isl.": [37.49557100000001, 23.3617], "Thermo": [38.570854, 21.6669866], "Siteia": [35.2086503, 26.1052329], "Psachna": [38.5774849, 23.6417373], "Agia": [39.7190695, 22.7586904], "Ierissos, Mount Athos": [40.4169065, 24.0175445], "Velestino": [39.3809141, 22.7451966], "Kamena Vourla": [38.776025, 22.7813611], "Karystos": [38.013999, 24.4198995],